Mean,Std,Min,Max,Range,Median
-0.3184054951850371,0.1639703500565347,-0.5637001093930442,0.9398034403605072,1.5035035497535514,-0.3445687618746256
-0.3677661688180447,0.17633948884328285,-0.6777026182275548,1.0306480894691974,1.7083507076967521,-0.3902110893229713
-0.36865681347078494,0.16901518150497039,-0.6649841864100897,0.979593440397186,1.6445776268072758,-0.3936763295162042
-0.3446915647374,0.17542119119174,-0.6404668653257525,1.0386093789238562,1.6790762442496088,-0.3699140333633323
-0.29864478045146514,0.17225642632778487,-0.6100905221225912,0.9578997784152814,1.5679903005378726,-0.3148743684922908
-0.2813243873437691,0.17083046056614312,-0.5838028489906398,1.1236647981887335,1.7074676471793735,-0.3013516337236821
-0.3295915185320644,0.16969971113686605,-0.6227168809676824,0.9126198549342522,1.5353367359019345,-0.35618005982501477
-0.3142722613945259,0.17213137256029315,-0.6404017994423841,1.0341531226131744,1.6745549220555584,-0.3397774729571752
-0.31333100068638225,0.17695723359505858,-0.6069887276309164,1.0948916178365045,1.701880345467421,-0.3414996914285055
-0.31001172654838677,0.17273978029239218,-0.5954041266486135,0.9749208286723647,1.5703249553209782,-0.335575844792641
-0.3518451384180766,0.16933307779036524,-0.6378891219008974,0.9553127170553078,1.5932018389562053,-0.37349390761430534
-0.33379412313423107,0.1687867739667688,-0.6537238714410721,0.9100308669054563,1.5637547383465285,-0.3602127642646723
-0.3543335914049734,0.16937722558989213,-0.656751528806136,0.9495846253610738,1.6063361541672099,-0.3810754216704431
-0.3216080187529513,0.16618973217269828,-0.6415171933910638,0.9181944435755651,1.5597116369666288,-0.34644763608917695
-0.2872375762024947,0.16735986800071798,-0.566260512785082,0.9843000860058422,1.5505605987909243,-0.3131469779356543
-0.3053501282338511,0.17024655992975535,-0.5719717064691128,0.924065176982878,1.4960368834519908,-0.33147195587030415
-0.31198178021913275,0.1669605904075852,-0.6314143828516624,1.0341889429355862,1.6656033257872487,-0.3341195368845316
-0.3007422062949716,0.1613197720484913,-0.582775412383705,0.9951885700838378,1.5779639824675429,-0.3206331095622691
-0.3508089685426146,0.1754402512225991,-0.654173155511847,0.9653338181950255,1.6195069737068724,-0.3747247908663742
-0.39206083229191113,0.1713644111826671,-0.6998629637363027,0.8873358898699246,1.5871988536062274,-0.41342419879805936
-0.3386511163043508,0.16173364233407414,-0.6445217119697222,0.8598310415270831,1.5043527534968053,-0.35590796042772255
-0.3235281040861596,0.1773936204422537,-0.6318672879640679,1.155292087959299,1.7871593759233668,-0.35601466126283804
-0.2579474498751724,0.16621230670276127,-0.5491064169518941,1.085307065482935,1.6344134824348293,-0.28034508427268917
-0.2638131542174531,0.17299238833520478,-0.5813662323519682,1.23150314393206,1.8128693762840282,-0.28946855856322184
-0.32197473260669923,0.16897255506483524,-0.6236379471759472,0.9705094474008658,1.594147394576813,-0.3406610087791875
-0.3004339069724388,0.1780942423974557,-0.5851476924497936,1.2268650683137536,1.8120127607635472,-0.32889474420211606
-0.30699724399556644,0.17647669484675318,-0.590221325864824,1.0048557650257226,1.5950770908905465,-0.33484694121963865
-0.2613448131344044,0.17424317510279408,-0.5388096554095758,1.2859618978034388,1.8247715532130147,-0.2856292899829257
-0.28249886954789044,0.1653950407031194,-0.6324193721901898,0.9228948039724524,1.5553141761626423,-0.3060985609806171
-0.3279438073494194,0.15978001612619702,-0.7102076940397097,0.8287027048968144,1.5389103989365243,-0.3421439422088963
-0.30639675829152097,0.16030209995925135,-0.6106182900359177,0.81094544133014,1.4215637313660578,-0.33174757206291183
-0.31582627467480584,0.1917724309365502,-0.6216726539423415,1.1740771853991447,1.7957498393414864,-0.34219228616897085
-0.3135468934786524,0.17400208462810166,-0.6304244699414372,0.9241411571672958,1.5545656271087331,-0.33295015178406306
-0.27401548126168496,0.16225219253319573,-0.5812851245970557,0.980440608051891,1.5617257326489469,-0.29603040475524156
-0.2956258673201367,0.18037924455147566,-0.6358432713678206,0.946586655668165,1.5824299270359856,-0.3293128109362433
-0.2998730851522866,0.17169932502170854,-0.6023335533037575,0.9341931325695392,1.5365266858732967,-0.3283934214631886
-0.29260110094385544,0.18089501507363817,-0.6191219819716157,1.0461690184581367,1.6652910004297525,-0.31918714554456584
-0.3332399409217068,0.17084207199252702,-0.6483350265971937,1.0090354926178375,1.6573705192150312,-0.3581826363160804
-0.2944193684879519,0.18653455571482827,-0.6358810960740675,1.0358985986861649,1.6717796947602324,-0.3211104795615702
-0.34578167924479175,0.1962050494187515,-0.6738775750608987,0.9598630216693674,1.633740596730266,-0.3731818518399216
-0.3461451797819573,0.1910549519970904,-0.6860851494174215,0.9511366233347406,1.637221772752162,-0.3665538829353964
-0.32411070732495434,0.16905825995507626,-0.6205613622942471,0.9175272196973673,1.5380885819916144,-0.34809308205761935
-0.3236260278937403,0.16735632314866297,-0.6575515226222778,0.9739659895863353,1.631517512208613,-0.34053191862609344
-0.29008579781399463,0.19513551298584472,-0.5658822365871446,1.042294952940057,1.6081771895272015,-0.3182567295404835
-0.3070234204768804,0.18451397287733254,-0.615893170514516,1.167127809260729,1.783020979775245,-0.33313109568591526
-0.28358928332872524,0.17928970937504102,-0.6130810062874978,1.1377122579061159,1.7507932641936137,-0.30914990134837195
-0.299111845289317,0.1722307490627092,-0.6127122628752444,0.9975767967429672,1.6102890596182116,-0.31696755228563217
-0.30429942580207703,0.16835489346971363,-0.6500710617017845,0.9422152423102576,1.592286304012042,-0.3232784880489682
-0.327930429732118,0.19039174369567055,-0.6663202431985052,1.063435737907633,1.729755981106138,-0.3493423240577294
-0.3297614476089423,0.19815686525052972,-0.6638017029754062,1.1602670055938704,1.8240687085692766,-0.35366254983774315
-0.33817512038495223,0.1851012421547482,-0.6387618255253408,1.0953174957037715,1.7340793212291121,-0.3661131148218347
-0.33005846801726074,0.17286080385747943,-0.6611666983503688,1.0048593685865381,1.666026066936907,-0.35785811772250736
-0.31422916203894796,0.1659986772388973,-0.6155802883966794,0.8607292807847468,1.476309569181426,-0.33783620604786846
-0.35605601609550763,0.16786756404289602,-0.6709616050447457,0.8959993751188076,1.5669609801635533,-0.3805267224783872
-0.28580353040881323,0.1809698901731927,-0.6285563340477915,1.1047539346648791,1.7333102687126707,-0.308311318743816
-0.34135135965118507,0.16810186370004554,-0.6518833787906676,0.8777569166388135,1.529640295429481,-0.3620349673285923
-0.2928739190939192,0.17979034082673498,-0.6098797766581495,1.0231744507074585,1.6330542273656081,-0.31967692641210843
-0.32537866153822664,0.17839116241436212,-0.6636848149443129,1.0922966284089046,1.7559814433532175,-0.3517919491432488
-0.2903116140001101,0.16679325592100694,-0.6196717597006247,0.8926539539323499,1.5123257136329746,-0.3111880722404849
-0.3236255312860965,0.17201044539165386,-0.6840047568273383,0.9840833171855803,1.6680880740129185,-0.3460117194935727
-0.26984196458927734,0.18835708514813282,-0.5960759789886463,1.3404060126680173,1.9364819916566636,-0.2971274578068238
-0.28199583526781846,0.19202921725885536,-0.6140706197801529,1.0685104715592542,1.682581091339407,-0.3068252740633334
-0.27735601303688884,0.1868822987518957,-0.5736529913567036,1.1449217563227239,1.7185747476794275,-0.29879686449053255
-0.3572750803757135,0.18411404705902373,-0.6578814971403129,1.1489649518069927,1.8068464489473055,-0.37714707903197453
-0.3198419606093266,0.1765174568209797,-0.6176254175340811,0.9656769715327383,1.5833023890668194,-0.341412931654953
-0.3343398514264772,0.18887730059578606,-0.6117530503747381,1.012492466682568,1.6242455170573062,-0.3605828841062154
-0.3051752520626237,0.19234371356376978,-0.6065099825973553,1.0245062773332692,1.6310162599306244,-0.32810589441614774
-0.31293965981654354,0.1773138583657343,-0.6595639666776653,1.0735748893870256,1.733138856064691,-0.33269571806686166
-0.2726820607533423,0.1737628327170139,-0.5606296479572298,1.058625601522904,1.6192552494801338,-0.29815765747757816
-0.2957879543064809,0.16850030415305578,-0.6093691855819021,1.067675517935059,1.677044703516961,-0.3164083761947992
-0.27731582354630985,0.17931608747084335,-0.5991445942807245,1.0531066642167395,1.652251258497464,-0.2987308148103103
-0.27675686385007653,0.19488173564962205,-0.5569471436049993,1.1579877572421633,1.7149349008471626,-0.2983242477100261
-0.2564093036828417,0.2072630097187703,-0.5669071204646846,1.2390717626168435,1.805978883081528,-0.2870676499434054
-0.2499369737437433,0.1938236010425459,-0.538530593793499,1.284184062924122,1.822714656717621,-0.2778454606068205
-0.28767354454495503,0.1914566148645588,-0.5776464235768207,1.182721325223275,1.7603677488000957,-0.31400375569442396
-0.2661705864115218,0.18342488225605463,-0.5440424191956881,1.1723573506690597,1.7163997698647477,-0.29437859178554904
-0.32486887042024576,0.19874468330513853,-0.6413669406862651,1.276603375865495,1.9179703165517603,-0.3504344932200445
-0.2824262157396328,0.1780166717011901,-0.5479010013672301,1.0581632964521877,1.6060642978194177,-0.31150300374488593
-0.3013320152984513,0.18414470139151717,-0.5976598948564313,1.0658675433678957,1.663527438224327,-0.31806592794393757
-0.30195398924029593,0.20509777367755103,-0.6065679755857972,1.2572782693872597,1.863846244973057,-0.33189378734923614
-0.29311670525753114,0.18348600591618758,-0.5735872836639925,1.1115933239605131,1.6851806076245057,-0.3156313814275061
-0.2996287583496438,0.177622703133586,-0.5834256674320416,1.189693554275463,1.7731192217075047,-0.32599744694351906
-0.30652111156654593,0.187758594767057,-0.6440383981019865,1.2147521594113733,1.8587905575133599,-0.3296076476169326
-0.3583783849477583,0.2017082980082842,-0.6321480621352299,1.1415264461761585,1.7736745083113883,-0.38213454880518005
-0.3199675238937552,0.19358262458514117,-0.6248998860802905,1.2142027419381796,1.8391026280184701,-0.34691831599238254
-0.3573829999717454,0.18342385627785399,-0.6637465597978135,1.0621682798141183,1.725914839611932,-0.38085369047194517
-0.30563387996156255,0.19685494895514524,-0.6121874069362928,1.2418672200009562,1.8540546269372489,-0.3326435676058578
-0.24765253087607828,0.19556075043567664,-0.5654034789198388,1.3197343620367057,1.8851378409565445,-0.2780625437509129
-0.28232858475033057,0.1939678632596668,-0.5534951611888099,1.1169706171256129,1.6704657783144228,-0.3101385401658674
-0.2900310852325128,0.19002137340370515,-0.5711540457185653,1.2415510703053467,1.812705116023912,-0.3124512317181545
-0.2694253944339582,0.20368894101105098,-0.5713489912140621,1.3105287116289506,1.8818777028430127,-0.30045601255409854
-0.26809930020814127,0.20984114820718858,-0.5754930187365503,1.3292057576059262,1.9046987763424765,-0.29948605506590337
-0.2893669628937464,0.19979876821292353,-0.6109300951798594,1.318607253396122,1.9295373485759812,-0.3161059351864514
-0.3472151119465523,0.19152521007784012,-0.6414258373645486,1.091128412496549,1.7325542498610975,-0.3765725996897291
-0.3082764506613349,0.1853783481511935,-0.645429656137995,1.1480565041015809,1.793486160239576,-0.3319795000754108
-0.3014991539174588,0.19133110039369064,-0.6279061093079599,1.0662860216435137,1.6941921309514736,-0.32264281947131734
-0.3420979559245226,0.1943622438563339,-0.6773275233706644,1.114850043560012,1.7921775669306763,-0.3718020506029941
-0.27616827283120127,0.1977253346427946,-0.6274821727312521,1.1670774863154554,1.7945596590467074,-0.29762320033971185
-0.2746694467946764,0.1887230532956367,-0.6087500031101625,1.168531685471127,1.7772816885812894,-0.3012989660884311
-0.2755004073584076,0.2056449441747388,-0.6008851458409837,1.3372720335846648,1.9381571794256485,-0.2983131557715045
-0.3238644842156236,0.17371431235388649,-0.640794907199832,1.0186765796263617,1.6594714868261937,-0.3487170634768426
-0.3238837402693874,0.16577355716013314,-0.6124813953105479,1.0428354317146964,1.6553168270252443,-0.34469992768416735
-0.3003555510222038,0.16544794511178912,-0.5880098034065244,1.0094783788820405,1.597488182288565,-0.3244598084599494
-0.3323594109284173,0.19228565632119185,-0.7549104973492103,1.0130590405384838,1.7679695378876943,-0.34622957758859274
-0.29829537235294135,0.1701361498394451,-0.5737574849498074,1.037619711814369,1.6113771967641766,-0.3181589248983549
-0.30828717251205123,0.19467473978034358,-0.5968304490007327,1.2299344192532826,1.8267648682540152,-0.3363536420365355
-0.34743885141415504,0.1901691794806614,-0.671331836583747,1.1365578498362556,1.8078896864200025,-0.37111899000964427
-0.30260092796993343,0.19280890283695992,-0.5891641003390891,1.2075561621460793,1.7967202624851684,-0.333816623759155
-0.3066379056892623,0.19403385039700694,-0.5856354296563058,1.0515045979178617,1.6371400275741674,-0.33688957807767284
-0.3112182985059835,0.18612253321133557,-0.5940080898759184,1.2407972809228343,1.8348053707987526,-0.3408364417094957
-0.3302393735263792,0.1885616675265973,-0.6461358767618324,1.0626885280522613,1.7088244048140937,-0.3578838682872244
-0.29790600721766136,0.19207279063631605,-0.6424446850501357,1.1136075928638702,1.756052277914006,-0.32280765612877804
-0.2656079656777028,0.19094989729601464,-0.5433294074314902,1.204443175498289,1.747772582929779,-0.28953864902520676
-0.29380059471697667,0.18482885901691976,-0.6108314568704643,1.0577343646980335,1.6685658215684978,-0.3233162529366864
-0.29770275148826814,0.18654434450692967,-0.6030106519755581,1.1876408503841391,1.7906515023596974,-0.3215784692835787
-0.2693312408401601,0.19261905576971863,-0.572146765048412,1.274876959418354,1.847023724466766,-0.29492744942917204
-0.2978563002147038,0.20080369050777272,-0.589183989696714,1.2586461965277624,1.8478301862244764,-0.32839984049950566
-0.3208919754734121,0.18782997275074664,-0.6083079916689081,1.2027701010865035,1.8110780927554115,-0.34582140211388074
-0.30554680108136184,0.17851603328515853,-0.5662418060756836,1.041743618759395,1.6079854248350784,-0.329288076215805
-0.25769568793670283,0.19639765117030308,-0.537364232547598,1.3035307561046632,1.8408949886522612,-0.28576528783484995
-0.2687356743902841,0.19758083193779058,-0.5897573325968407,1.1906319562986656,1.7803892888955062,-0.2980425501279094
-0.3271016228659436,0.1963025322949069,-0.6767551304903623,1.1109872310249582,1.7877423615153205,-0.3506438563166847
-0.2575330261010252,0.20044992291410396,-0.5881201278856621,1.205491725540082,1.7936118534257441,-0.29225637983814545
-0.35115445444472665,0.20472472757999075,-0.6596612217881193,1.2157684702205325,1.8754296920086517,-0.3835066790329278
-0.28892834714058957,0.19412253954656689,-0.592902933091714,1.3368349271151376,1.9297378602068518,-0.3124651689835761
-0.29471213408164854,0.20399898766868443,-0.6411100652977306,1.3219527007107579,1.9630627660084885,-0.3238686598882634
-0.3061788257602112,0.1957083945592872,-0.6199607872632582,1.1995691074208878,1.819529894684146,-0.3398037725959613
-0.34265613684806767,0.17740107469839028,-0.6612876135007983,1.008189417400647,1.6694770309014453,-0.3679650775563439
-0.3019112632858166,0.2016297440028268,-0.6400583978358175,1.1981625376592753,1.8382209354950927,-0.3309619407225944
-0.30830657585686294,0.2439874593262882,-0.5862078541724264,1.6754299499739305,2.261637804146357,-0.36517931672030146
-0.2844081091548342,0.2397987465070777,-0.6150976598398629,1.480640835427764,2.095738495267627,-0.31713096696691045
-0.26828808301684737,0.229785849069246,-0.5799933880804685,1.4491348451116883,2.0291282331921567,-0.3193796796885878
-0.23731811145525644,0.3118185320664024,-0.7031309657766835,1.8609078832174533,2.564038848994137,-0.28159130262000487
-0.2651629540558743,0.2945675976490263,-1.049282718591953,1.7430571472342147,2.7923398658261678,-0.31401755187159336
-0.3568504779501641,0.2589803563358438,-1.0563856718936389,0.7569191369943594,1.8133048088879984,-0.3835412247827843
-0.7385412894732253,0.20698465358284096,-1.3368335960614601,0.3759567667588394,1.7127903628202996,-0.7377156988565599
-0.7898776187440807,0.21317691006977205,-1.4216887784330834,0.2754239740554251,1.6971127524885086,-0.7850993080059628
-0.20929907114788932,0.4321737705937356,-0.9687281297305572,2.14241055421798,3.1111386839485373,-0.29520262598282915
-0.11208130112380522,0.4504862154325275,-0.9444888541617965,2.3183422478412465,3.262831102003043,-0.20101224900859027
-0.15884198643210923,0.4539693347712449,-0.9944050775844816,2.2911753297611193,3.2855804073456008,-0.24623388844414473
-0.19180722451726215,0.4096425874931299,-0.8479992672551975,2.0344219794104124,2.8824212466656096,-0.3232835649212271
-0.07516956716682188,0.3855027764063245,-0.6219149475145915,2.099197645383408,2.7211125928979993,-0.22551173939762892
-0.1258310462811287,0.3998213779403608,-0.691234947338513,2.1631166903514396,2.8543516376899527,-0.283431983941658
-0.19986820986715592,0.188050081930289,-0.8405425669881582,0.7045434634478616,1.5450860304360199,-0.21238266714024892
-0.16728427940054694,0.12249607532169121,-0.7277895745758731,0.5046018400000667,1.2323914145759398,-0.17301077288386146
-0.23546898652656867,0.18178315742697032,-0.8928841846868626,0.26864025241050826,1.1615244370973707,-0.2091147180089601
-0.950119754066781,0.42946971949283125,-2.4269741529999815,0.6756622359371632,3.1026363889371447,-0.9081947922164221
-0.7931182669408162,0.40709608641137807,-2.332997239169398,0.7223201681171966,3.0553174072865943,-0.74349494764612
-0.7544873196497474,0.39334390804753744,-2.1601898634503875,0.7815181924553752,2.941708055905763,-0.702061160871853
-0.7846027530721696,0.3930475113673844,-2.160767879342698,0.8334742722290819,2.99424215157178,-0.7451029736059722
-0.8898260703162252,0.4436677728131852,-2.465356367343891,0.9341398060228402,3.3994961733667313,-0.8391917719295752
-0.8234081630574056,0.4177106542567685,-2.326494789895931,0.8266882093178174,3.1531829992137483,-0.7914006466423567
-0.9390037456513932,0.35191705754445174,-2.275571977437372,0.5403948630336454,2.8159668404710176,-0.9064960620481262
-0.971149524364569,0.3925388924052679,-2.336177512193023,0.7815889486112143,3.117766460804237,-0.9319174208369712
-0.8413619048477872,0.4014390349898111,-2.295479064452281,0.8432504090839468,3.1387294735362277,-0.7970035170077936
-0.905129280375933,0.35875652701527494,-2.164472926382994,0.631938714854006,2.796411641237,-0.8749797659782129
-0.9385739346662882,0.360602951012342,-2.2865199146112927,0.5527350591538088,2.8392549737651014,-0.8906613633096601
-0.5383707283352229,0.9300470684141713,-2.702305233120327,2.3524131281967797,5.054718361317107,-0.792494975377929
-0.6461107967146433,0.42106903338751994,-2.272686576550931,1.1921081255561308,3.4647947021070618,-0.6290571435346262
-0.4756912579566776,0.3875324522739392,-1.8834547586623422,1.208932636624763,3.0923873952871053,-0.44382068399552305
-0.8365455394430547,0.365506639100637,-2.1352796074884397,0.8341860680831543,2.969465675571594,-0.8044395808956681
-0.7302934934528632,0.36058783326980975,-1.9047115517297368,0.8802532282534733,2.78496477998321,-0.7032625486639127
-1.1029522610428273,0.35228585794610984,-2.5481871114195296,0.3680445313975561,2.9162316428170856,-1.058621298548638
-1.0105175882025805,0.32253495895529166,-2.252671047701026,0.3629458168064766,2.6156168645075026,-0.9788405235875045
-0.9229272134445788,0.3156087601624856,-2.1348678545887805,0.6461223528050659,2.780990207393846,-0.8878069110442841
-0.7169416047692114,0.28819890827707534,-1.7652209321042571,0.6068326779807153,2.3720536100849725,-0.6984747241812741
-0.7122635945746657,0.3985890471840893,-2.1415104280901103,0.7837615633364549,2.9252719914265652,-0.6870731838812463
-0.5862523915914738,0.47851931750194776,-2.4776550353698257,1.1147503631382851,3.592405398508111,-0.5207342705143154
-0.7522393000837989,0.5743313646328257,-2.5739109272238787,1.5918609520642268,4.165771879288106,-0.7999160063117403
-0.5979824820048212,0.4026505058069983,-1.8612440568119784,1.2103545362226447,3.071598593034623,-0.5857962603556837
-0.827339104679598,0.397844015469167,-2.2674513708938426,0.8150498393713791,3.082501210265222,-0.7674799570639075
-0.8940402166980023,0.37644395925323265,-2.4174762114406265,0.6126164312132931,3.0300926426539196,-0.8555822686348917
-0.8264509516666254,0.3643755812368663,-1.9872069692430034,0.6034602189264484,2.590667188169452,-0.7728248008570042
-0.8415638068397516,0.42561147366235924,-2.249787596954461,0.7709787491467005,3.0207663461011616,-0.7919468760647228
-0.9537067432194744,0.44726004643319067,-2.379671271729797,0.6497517181016671,3.029422989831464,-0.9102748591112666
-0.8490891241830517,0.4055501612485661,-2.181299169371689,0.6993790654598757,2.880678234831565,-0.7921641442312836
-0.8621100836811629,0.4099666706406917,-2.326503993465478,0.7125624228608622,3.0390664163263406,-0.8148805443598166
-0.8899848250969651,0.3800717826286712,-2.1477106969013953,0.7314111268323548,2.87912182373375,-0.8453707203784441
-0.8817321573813905,0.35805879938129825,-2.120379724708902,0.6314879062916627,2.7518676310005645,-0.8353753022419022
-0.9712436179291085,0.43465141277507685,-2.5075099165121597,0.6551778777683754,3.162687794280535,-0.928961450782116
-0.869214967321485,0.4437936650414734,-2.3628353047570205,0.7240603731059754,3.086895677862996,-0.8268454540904191
-0.8549897312066737,0.4121592474903966,-2.2475854801499233,0.8345981592611477,3.082183639411071,-0.7952629189105337
-0.8483491276572491,0.39925832771270314,-2.112276680307219,0.8009798799203096,2.913256560227529,-0.791536512300862
-0.9747851000685662,0.38565632014530044,-2.2733724906751434,0.935123476657345,3.2084959673324884,-0.9458014973651258
-1.0060152773711144,0.3984725373368914,-2.4336512995774315,0.6066669030540832,3.0403182026315148,-0.9591202581683873
-0.8596396697263314,0.4135758701037776,-2.3145634946813676,0.7677053499020803,3.0822688445834476,-0.8179247047311495
-0.9031592911676571,0.43653335677840976,-2.406269453958433,0.7521342777810188,3.158403731739452,-0.844296674839078
-0.909871432730693,0.3969886055614539,-2.3548238172834384,0.7109612403091035,3.065785057592542,-0.8757477778422015
-0.766928375870717,0.4253962621745578,-2.2630230396766966,0.9188649905992959,3.1818880302759927,-0.7227118836976634
-0.8793383013454326,0.41637324321479485,-2.330372714839285,0.6963901442060945,3.0267628590453795,-0.8142091458667604
-0.9332401866757334,0.37922431801725565,-2.2434860557336154,0.5481041091207947,2.79159016485441,-0.8734528928750507
-0.8580930258784158,0.42459798336971155,-2.24132540527495,0.7655303721442285,3.006855777419178,-0.7979755804857318
-0.9346622283867695,0.42347038986981983,-2.396594028273895,0.6884250243963431,3.0850190526702383,-0.8899888987510982
-0.7632298738471046,0.41432272966757006,-2.1782823304592243,0.8732779220847291,3.051560252543953,-0.7154722423670157
-0.8932531741912042,0.38930469975124826,-2.1797253547942432,0.6371138544288101,2.8168392092230534,-0.8379317257648321
-0.8300257115365574,0.43057669294594064,-2.25080413870227,0.8201163203694127,3.070920459071683,-0.7631867997747244
-0.8211171031102337,0.3823113315109707,-2.282553351098812,0.7283353056758596,3.0108886567746715,-0.7875151633541175
-0.8184361866284342,0.4412068559791033,-2.304258844105332,0.9532710997070606,3.2575299438123926,-0.7887394741847393
-0.8640612555346391,0.4080965273263752,-2.158495573468724,0.8469887534335699,3.0054843269022937,-0.8280307709783944
-0.8680629055548839,0.43404063035313983,-2.3030294814506016,0.9437375613206511,3.2467670427712525,-0.8242863337647939
-0.2729387563946163,0.26747579579928865,-2.711794536009756,1.1550591653866071,3.866853701396363,-0.30825737154845095
-0.2509509484799613,0.30069774080443024,-0.6927177736976375,1.7397419227620226,2.4324596964596603,-0.29605423952888626
-0.2381891618973742,0.315217064482608,-0.7778824733018171,1.7572795729528758,2.535162046254693,-0.2945378040351046
-0.15565490077798042,0.31663927998954794,-0.5998348899415198,1.945414532603882,2.545249422545402,-0.20011143443699692
-0.19729836601931477,0.311074495269558,-0.7436230926524092,1.7645528684984522,2.5081759611508616,-0.2501984816554113
-0.25205743268073566,0.3264704447152459,-0.7294513969401782,1.829273813897122,2.5587252108373004,-0.31462132542782284
-0.19937409049924892,0.31391240170961604,-0.7445980957817134,1.8188099943967277,2.563408090178441,-0.2505262884203123
-0.2361867887012277,0.30838140885299425,-0.7425422107411644,1.7471678870046237,2.489710097745788,-0.2888760717352544
-0.2334086579012096,0.3197892739679482,-0.7873518869443233,1.8014839475485114,2.588835834492835,-0.28619907345288653
-0.24425531088326471,0.32173337524375534,-0.7733323000250818,1.8079620978479396,2.5812943978730214,-0.3068380384532442
-0.2071138852526671,0.339635442260663,-0.7567221886139062,1.9420259315129282,2.6987481201268344,-0.2596725365622675
-0.24935666672540713,0.32461228754118965,-0.6592978020770822,1.7936297569568382,2.4529275590339203,-0.3102532959609357
-0.15343982034585188,0.3096204517485741,-0.7201489077437625,1.83844466104419,2.5585935687879524,-0.20408306676921004
-0.18070847733982348,0.3139912921318139,-0.7953514822298049,1.6707497032501866,2.4661011854799915,-0.23830028562098904
-0.260688338523274,0.32154830150893843,-0.7113507145099786,1.852255760274903,2.5636064747848817,-0.30904648160772785
-0.1787148175517143,0.3260612143286023,-0.7358830076104529,1.9476727371674125,2.6835557447778653,-0.22834532147103087
-0.20023391699190374,0.3229081059041659,-0.6043047672788925,1.8697248674510556,2.474029634729948,-0.2563474804471209
-0.21445617763542,0.30081294039111595,-1.264268862290851,1.2714999345216977,2.5357687968125484,-0.2679176579260853
-0.23665203838707902,0.325898741041394,-0.7234760340394811,1.8583785294674822,2.581854563506963,-0.2995922076520716
-0.19678761935145078,0.32840393912014765,-0.738425881287142,1.8406812570108615,2.5791071382980038,-0.2544536257200266
-0.2471569523889973,0.33219743517985184,-0.6828233279252724,1.8685438740132574,2.55136720193853,-0.3051240261456577
-0.21184300372594778,0.3319220771428316,-0.7089218772742989,1.908218919404386,2.617140796678685,-0.27083148582743544
-0.20343649097457933,0.3225517230326509,-0.7463927538071856,2.0428937275506036,2.7892864813577893,-0.2586406034712715
-0.12724593392720746,0.3581366999690314,-0.8376469630260309,2.4141503598607863,3.251797322886817,-0.14383947731270186
-0.27928532456961125,0.33070662220735675,-0.73705423834168,1.8015462951163963,2.5386005334580766,-0.32306026027890805
-0.20170772812209065,0.302300822724652,-0.6134986337410712,1.9340763095326474,2.5475749432737187,-0.26175086967938166
-0.25221743863425294,0.29100859019089226,-0.6887693890698368,1.7689902370950616,2.4577596261648984,-0.29711595133153335
-0.13623704802232023,0.40508730860470177,-1.3878071557956864,1.9588291970883884,3.346636352884075,-0.1994425805996099
-0.15022255435814885,0.4055845903959585,-1.3664464324720904,1.9375049502932442,3.3039513827653346,-0.21102741309414225
-0.14215258772088277,0.3845198376683781,-1.345582564907481,1.8545670591758556,3.2001496240833367,-0.2206542315464517
-0.1836283835063721,0.3730843196533965,-1.3934815740497566,1.7064105296537555,3.099892103703512,-0.24139342691122337
-0.1641413861402247,0.3586024498904978,-1.4116722727239908,1.7464609974124436,3.1581332701364344,-0.21614502531684443
-0.2492299481063476,0.37225677023671366,-1.3395247239721488,2.0439066470561085,3.3834313710282573,-0.34226444605458267
-0.1855905350840289,0.39431256068196313,-1.647456959244799,2.25565081065002,3.9031077698948193,-0.2446793808909381
-0.09751419057550054,0.4592455332582385,-1.7174188686194327,2.2661093806762604,3.983528249295693,-0.17738707090579958
-0.21510680544847394,0.282959308886143,-1.2565710312821659,0.9379652038704692,2.194536235152635,-0.2855991181046894
-0.2337381623001518,0.33457797955204577,-1.3418465839646523,1.5328409658823658,2.8746875498470184,-0.26925438506375987
-0.14335251253813094,0.3678923463574763,-1.0971254640155417,1.559615507507988,2.6567409715235297,-0.19565291444806546
-0.2147718706245916,0.39689206040979297,-1.3077188908332227,1.8141556211075964,3.121874511940819,-0.29892878267115763
-0.14339845377240235,0.3995538751958772,-0.991799400126757,2.004672491649743,2.9964718917765,-0.23283813985658863
-0.22149332095711327,0.4893230135047579,-1.115257725787098,2.3243555875381765,3.4396133133252746,-0.32468784107754933
-0.22510171969157797,0.3975544888844608,-1.9111416785102486,2.1290841094893307,4.04022578799958,-0.27669728589613285
-0.2358301864752281,0.43314608021239254,-1.1878088482240026,2.044875777475542,3.2326846256995445,-0.29605207025189406
-0.25664387926134835,0.44025366156933754,-0.9810272821069833,2.183060799228749,3.1640880813357324,-0.3454728233373344
-0.19832739570674862,0.48870342025454205,-1.2039982359230585,2.268378639616754,3.472376875539813,-0.2595407377278136
-0.21052984724332888,0.46759368950473856,-1.2969945615521024,2.2473339121748133,3.5443284737269156,-0.2670008693455579
-0.2490670352608937,0.31951290328827364,-1.2546042774407986,1.6206929581433664,2.8752972355841653,-0.29693284848154217
-0.21946085463942286,0.3300956994413395,-1.1362203044948982,1.0503728909967749,2.186593195491673,-0.28962906500984553
-0.23630198452645923,0.32696464679340914,-1.3750159413300258,1.558456503079911,2.9334724444099365,-0.28912135446597587
-0.13891743566929407,0.37677826912352314,-1.734704755832591,2.23924659224654,3.973951348079131,-0.19980003268520807
-0.15794074567196895,0.22898320710187034,-0.9418347865927528,1.0238464051855494,1.9656811917783021,-0.20263820980151148
-0.21527895733221938,0.2337085191970123,-0.9155782739306795,0.8465510966571993,1.7621293705878789,-0.25787806100683386
-0.2792681747087552,0.2575391267466388,-1.1962006652452735,1.1314768886728872,2.3276775539181607,-0.331618404422341
-0.15035342417127645,0.4075748192863156,-1.4158651017052861,2.100739148183149,3.5166042498884353,-0.22826120934850846
-0.11403678775191747,0.45579547692302397,-1.3946913673937735,2.367942981338302,3.7626343487320755,-0.1737117038803782
-0.1611829576898368,0.2181544724298691,-1.020141952220171,0.9503483723450277,1.9704903245651986,-0.20958343747334673
-0.23004952534944395,0.4722003520514406,-1.1125772720242553,2.319482046506757,3.432059318531012,-0.30971211554811107
-0.22825798657595858,0.506283318118499,-1.107831005434821,2.4557453174511608,3.563576322885982,-0.31379200581571387
-0.24595433229285285,0.5217792790414387,-1.1342903235443316,2.541628152518424,3.6759184760627557,-0.3361045182077739
-0.11687893415113852,0.39134188829621275,-1.368971906288245,2.1711994852054755,3.5401713914937205,-0.2191726383156688
-0.1484151693960508,0.3679075993795817,-1.264366916284056,2.0398280721645485,3.3041949884486046,-0.25724986516271
-0.2449482351849057,0.3444101573596219,-1.2877019435909387,1.2745117237832235,2.562213667374162,-0.30593200287231725
-0.1727183462731104,0.3861076357368287,-1.1409659297955537,2.1868580704114446,3.3278240002069985,-0.23429759562665226
-0.18398617800595052,0.33943889079885115,-1.3412043011255554,1.8898596055467014,3.231063906672257,-0.2675213507399159
-0.19711844440481974,0.30149733265898043,-1.27369185526732,1.2562906766254316,2.5299825318927516,-0.2621343911101634
-0.12256511415991693,0.295864773172259,-0.8416491037635262,1.2141282179007173,2.0557773216642437,-0.177018812141294
-0.14441173467848034,0.29789898002344223,-0.6995828881403885,1.329500322473696,2.0290832106140844,-0.19826565205125385
-0.05401185652118011,0.30002653377383925,-0.8177437848810775,1.341203923969922,2.1589477088509996,-0.11200692587765121
-0.19545147254065207,0.41274698751971856,-1.8935823176756146,2.166198142608741,4.0597804602843555,-0.29853026294187834
-0.1617266921101903,0.3833680769770075,-1.1728623027714917,2.0232249801917233,3.196087282963215,-0.24644741932301184
-0.17355879041811123,0.42705877630334876,-1.431025670306824,2.194184577664226,3.62521024797105,-0.2700380015682551
-0.16338011824828946,0.3934638347648919,-1.620827092239188,2.224132931254478,3.844960023493666,-0.2348530271784649
-0.18276820155973555,0.38453999851565357,-1.2308028660112018,1.9259410305033255,3.156743896514527,-0.2832909412261338
-0.1824867759990195,0.250030594136092,-0.8243881680239739,0.925289920017443,1.749678088041417,-0.2577165470482384
-0.1944232564154231,0.47067051797439746,-1.4651385089444757,2.1645951589039703,3.6297336678484458,-0.28657493146038504
-0.10880133009202086,0.4706441440900428,-1.5292526271831552,2.3657913681821245,3.89504399536528,-0.20615781222697208
-0.05826161114816353,0.46567771497979676,-1.500164693088351,2.4029209850944953,3.9030856781828462,-0.15737476361450678
-0.06267644044356645,0.4912273824239116,-1.4038632914338114,2.410362404037998,3.8142256954718095,-0.15554496935175216
-0.1345554728564373,0.4457427275283228,-1.452773074193199,2.2199091907109607,3.67268226490416,-0.20701749621130172
-0.14262617215440357,0.4154083522157673,-1.437848451281385,2.068108355311186,3.505956806592571,-0.23459412457000361
-0.15237475552878513,0.42244850715718885,-1.329893358002513,1.9696666964837675,3.2995600544862804,-0.25243078204202196
-0.15725705197223347,0.28631128386838167,-0.9472764259945313,1.202946718373775,2.150223144368306,-0.23845109815230453
-0.12309572285422365,0.3489307141956973,-1.3208490684407024,1.5184486164773234,2.8392976849180256,-0.1969297353532292
-0.17838819449891355,0.37352422778266176,-1.4561278427122875,1.656773128084458,3.1129009707967454,-0.2711293978143804
-0.16981623266561563,0.44672160701342656,-1.0491969488038384,2.455506359902444,3.5047033087062824,-0.24726191588401392
-0.14998471041698383,0.17997848791096535,-0.8204562941455528,0.7435083854471407,1.5639646795926936,-0.16099596010960932
-0.21784608855591575,0.20479408048485612,-0.8022998750607723,0.7842156100201667,1.5865154850809389,-0.24953409735851062
-0.2127619185397517,0.22189171294874868,-1.496909752243457,0.7795563644290049,2.276466116672462,-0.2260072285623872
-0.2196757170882907,0.3141715720413034,-1.3433460002754452,2.1335984532968713,3.476944453572316,-0.24279826381319342
-0.3008244329428936,0.2563236134473269,-1.7696418664731257,0.7012163259481046,2.4708581924212303,-0.32792535379618004
-0.3216320316667401,0.22927067877087276,-1.4732915070311685,0.5684399270393005,2.041731434070469,-0.3109168798273476
-0.236574535876586,0.4386429259578301,-1.592152628527367,1.5601644786216196,3.1523171071489866,-0.28331412095687486
-0.2544227720029868,0.42252267863182436,-1.5096355229698495,1.4947865022031497,3.004422025172999,-0.2886527093757965
-0.1904712360031006,0.4700426438109153,-1.0331037851224194,1.7648927517270503,2.7979965368494697,-0.2488437608820928
-0.19601999425610658,0.4303033432010947,-0.9967609177190738,1.6112192797902718,2.6079801975093457,-0.24841170899161497
-0.23145109064748104,0.38446279510573034,-0.9737429861736882,1.4703084966137154,2.444051482787404,-0.27015528540102146
-0.1940362809626554,0.4682682604190842,-1.5866857651699613,1.6836361603490113,3.2703219255189726,-0.23539951095070116
-0.2681186716200506,0.44688219022234327,-1.264772851923694,1.6192601194260723,2.8840329713497663,-0.30998438086069907
-0.22558808421430473,0.4264869849168247,-1.4885753034376288,1.516255525959227,3.0048308293968558,-0.2554999393612161
-0.24924036345316447,0.44904109683011156,-1.517857449965357,1.621864781688635,3.139722231653992,-0.2923848541743922
-0.30868192172672637,0.3782639615364391,-1.0811742276823755,1.5289024109811222,2.6100766386634975,-0.37834619323418806
-0.17949378856959147,0.41937329592346967,-1.59688000858474,1.4749865858753326,3.0718665944600727,-0.21272053848010183
-0.15039809694856954,0.15750317629458194,-1.2224498235458678,0.5573755124260972,1.7798253359719651,-0.1512776022093267
-0.21625520653303473,0.15363066075052056,-1.4171445450603142,0.4786051473112937,1.895749692371608,-0.21446696168674143
-0.16252781556427703,0.13168565402565316,-1.4031908891562257,0.4169247789391085,1.820115668095334,-0.16445503051404506
-0.10705009808528701,0.13822250076831513,-1.237953566427633,0.47560946011195954,1.7135630265395927,-0.108119858469795
-0.18110963142731265,0.1721292213991676,-1.5532832379715145,0.599340900921145,2.1526241388926595,-0.1946744923913319
-0.17160755475258793,0.21039890003548717,-1.6070363668327454,1.523184610151029,3.1302209769837743,-0.199391819278653
-0.8704741605061286,0.6767170564144794,-2.2435443682019223,2.7336836149008574,4.97722798310278,-1.0318982586089802
-0.8724331844933145,0.44239095688182395,-2.4505479958390004,1.001097723615795,3.4516457194547954,-0.8028672223054907
-0.8802473350354922,0.35566440012711237,-2.255053001761736,0.8832264067101192,3.1382794084718553,-0.8397509909947134
-0.7126687407011931,0.4315205107928547,-2.2778901850816653,1.1379167006162776,3.415806885697943,-0.7086884857573493
-0.9414747763625989,0.38105651073464475,-2.3103937524775673,0.7611301424559149,3.071523894933482,-0.8841471537197801
-0.8200331446088609,0.3796570034343659,-2.096993088068241,0.9198310111473891,3.01682409921563,-0.7669904911943732
-0.7389140026852851,0.17898234944584934,-1.690666692180712,0.10671670426976386,1.797383396450476,-0.767784767037182
-0.09740303321172257,0.35913039570255156,-2.3561932066504876,1.1350437721213138,3.491236978771801,-0.14460248147433916
-0.06380368227372818,0.32261659566423223,-2.063066168616702,1.395904240884631,3.458970409501333,-0.04899291668973385
-0.13311215064887627,0.2851068328015941,-2.3141504890146103,0.9019693647351291,3.2161198537497393,-0.15771162123940802
-0.20848660476635886,0.16967398983068566,-0.8281249464494006,0.9570648760045158,1.7851898224539164,-0.23650715068299982
-0.1991441540095558,0.16299433607647268,-0.804968697688986,0.8854236604634763,1.6903923581524625,-0.2371580716907129
-0.1745617071756585,0.165447417999346,-0.7374948587320118,0.8998926690913547,1.6373875278233665,-0.2194915236140968
-0.15770267272404184,0.1641998443042848,-0.8003297799119307,0.9618111052061027,1.7621408851180334,-0.1977864900069674
-0.17292388701373893,0.15598118176796935,-0.6226377793446091,0.8957676999453638,1.5184054792899728,-0.2163942765159132
-0.161295487763086,0.1727518297090678,-0.7422097485401921,0.9120853044841218,1.654295053024314,-0.2010784173936216
-0.15080970989268822,0.16220316451860003,-0.7403387284537154,0.8872610179571505,1.627599746410866,-0.19773239447456656
-0.15442946968762192,0.14952061584054166,-0.734927659190759,0.9168109085062537,1.6517385676970127,-0.19399261264415474
-0.17563454327494835,0.18718357655955123,-0.8240880110082469,0.8862827075422295,1.7103707185504764,-0.22589665931170244
-0.14987760553930166,0.17180835143781645,-0.7392223968776481,0.9916725302121849,1.730894927089833,-0.18565743297853743
-0.11542422907972788,0.18621421041234668,-0.6330280490888751,1.152864001794588,1.785892050883463,-0.15939926832172896
-0.06687723932838642,0.17324951890547083,-0.5723640491686548,1.160741808168768,1.7331058573374227,-0.1178923669306296
-0.1958417427981773,0.1815380468254187,-0.699864312841814,1.0690549330404164,1.7689192458822305,-0.24515976793064015
-0.13983916529345014,0.19961685551141783,-0.6911787545121654,0.9764286309372927,1.667607385449458,-0.18614247378392143
-0.14925345122993228,0.17800713941761234,-0.6280659820025575,0.9394457118278807,1.567511693830438,-0.19115357113829473
-0.1631661922954708,0.16711426978781957,-0.709837164453396,0.9327453771679994,1.6425825416213953,-0.21549895301807848
-0.15292744948862563,0.17119723236071385,-0.6461861928240136,0.9099682924683806,1.556154485292394,-0.1994957983943337
-0.1483879198482919,0.16958894343003234,-0.6555406311103562,0.9212566824393936,1.5767973135497497,-0.18732436496033048
-0.18698614304531408,0.19020178958956022,-0.8745543664988019,0.8199153229682036,1.6944696894670055,-0.23847984818913986
-0.16992525251168422,0.16748566072405316,-0.6946145670053789,0.9247068375151846,1.6193214045205635,-0.21609976978790696
-0.14802274187832837,0.1831492739290191,-0.6876773695763405,0.9168523077921537,1.604529677368494,-0.19520447165060728
-0.16343926627680022,0.18485329078929855,-0.7806851644712615,0.9298026842633634,1.710487848734625,-0.2229926623783347
-0.14810423932868386,0.1585962117252915,-0.7254436670392863,0.9190911012389049,1.6445347682781912,-0.19085983719130967
-0.14131771370455254,0.18161451033280393,-0.7423843210347052,0.9688812233059507,1.711265544340656,-0.18917990438686916
-0.19047218680202116,0.1862457866019641,-0.8759268227337288,0.9515597393393453,1.8274865620730742,-0.23893635975105168
-0.20620867678507743,0.24904908385877803,-0.642769411992209,1.3845251312142843,2.0272945432064935,-0.27860915655764584
-0.10684740495051538,0.30591780342107444,-0.7361818275770449,1.5977549622261202,2.333936789803165,-0.15098657564307633
-0.16423748077091946,0.507222701132865,-1.9881154595583834,1.5154729122600257,3.503588371818409,-0.2361164278620824
-0.2801389161580086,0.20605526640078092,-0.5801417789931065,1.202024155943912,1.7821659349370185,-0.310476637210292
-0.2595766712340626,0.22214773037549654,-0.6245149204099895,1.1370948904566938,1.7616098108666831,-0.3013831865142115
-0.30116110222228254,0.19810166155345577,-0.5661366248387696,1.1297328799442532,1.6958695047830228,-0.33698822043192644
-0.31289196954155435,0.19228816827507897,-0.5980920196487628,0.9200503913026025,1.5181424109513653,-0.3339956279931011
-0.25696580959167564,0.22309006265510953,-0.6263284339486153,1.228365841258044,1.8546942752066593,-0.2735088504977874
-0.3179963141800448,0.18244313069782075,-0.6201140525390866,1.0460129208936744,1.6661269734327608,-0.3518893284280164
-0.295464666999134,0.2019305475132116,-1.6236498840948232,0.8323453082044707,2.455995192299294,-0.33051334417970746
-0.017353302895594926,0.4075923868884594,-0.8650470313795441,2.138346390835838,3.003393422215382,-0.09269773727233563
-0.13421190687204262,0.43601212756489705,-0.9925786684699894,1.951765172511852,2.9443438409818414,-0.2096664371991399
-0.19664497358196575,0.4800291977453678,-1.040279439606747,2.054922740107805,3.095202179714552,-0.26600791537382085
-0.0736462431040267,0.5144683295944122,-0.933734209770377,2.2216167462481944,3.1553509560185713,-0.179388005529735
-0.24114463614213097,0.36934750002748357,-0.9708076340317194,1.9969909668900347,2.9677986009217543,-0.31983614471688016
-0.13373200651093287,0.46230461498220426,-0.9260270920386584,2.0958912919952444,3.021918384033903,-0.20902884481798412
-0.1738203994472393,0.432385024451196,-0.997696500452548,2.007189916115855,3.004886416568403,-0.25299994976798446
-0.16484124365264471,0.352966626864513,-0.9228716050876986,1.6990300745636828,2.6219016796513817,-0.25130497704587706
-0.19783073058997583,0.4548420778783445,-0.9829671389628374,2.0588767317272594,3.041843870690097,-0.2832895405166306
-0.15392414101314267,0.43020890619999846,-0.9189232989231755,1.897447388272896,2.8163706871960716,-0.2410217173776045
-0.15495374743771073,0.46552170620234506,-0.9829146271837672,2.147275372826292,3.1301900000100593,-0.25160808723673445
-0.12301958209860181,0.4204941777668387,-0.9321049447038668,1.830512477756866,2.7626174224607327,-0.2008276765778913
-0.07338259992507108,0.47572964076428853,-0.89977393137103,1.9603437761867113,2.860117707557741,-0.16077753408404366
-0.1604187865444719,0.3947556082182621,-1.0149505386788629,2.041166507178831,3.056117045857694,-0.23841086547354573
-0.13909686481233277,0.38267495222939873,-0.9151917452791825,1.7077057837732108,2.622897529052393,-0.21910615967162939
-0.13522106260869304,0.41011277707666516,-0.9674048415572535,2.0288940662336445,2.996298907790898,-0.1962701777538668
-0.09304221828493255,0.4048113098753744,-1.0331299384565322,2.171041291159675,3.204171229616207,-0.16991095574228743
-0.1316551712134321,0.45984939593427865,-1.1082247244314758,2.275594602407178,3.383819326838654,-0.21385212604706322
-0.22043881670435225,0.5315880378625645,-1.359462247209263,1.9993855569997057,3.3588478042089687,-0.28112151587753165
-0.2259854054781706,0.4800197389859459,-1.0530234215824261,2.1473030716523946,3.2003264932348205,-0.3139591959110278
-0.21560253603756593,0.47693596926925524,-1.0445169389115694,2.221136507128655,3.2656534460402247,-0.3028554838045284
-0.2070314105003912,0.5183440584772385,-1.1534336256242448,2.3039025571498306,3.4573361827740756,-0.2924071983248798
-0.1293439219721973,0.469835884232964,-0.9757921656471906,2.133500707399505,3.1092928730466953,-0.2189287491138256
-0.1818442877718619,0.49375141622720303,-0.9996146928671539,1.9185588827197901,2.918173575586944,-0.2775508085026531
-0.15839249716179213,0.5047389888569591,-1.039818454340069,1.8011696409412086,2.8409880952812774,-0.24491126152271747
-0.2993665087555728,0.4895972852346977,-1.1493332751851597,1.8163669750165783,2.965700250201738,-0.35634673169216324
-0.22888725052373654,0.5131931833182994,-1.1209591594266592,1.9155051851372311,3.0364643445638904,-0.31400033272871963
-0.1886332249741945,0.48385511835429124,-0.8901394169662732,2.086664663963414,2.976804080929687,-0.28134090741624573
-0.1902541425311816,0.4657453687474318,-0.8803246823709826,2.139987872826176,3.0203125551971586,-0.28986869759947964
-0.15809820323199789,0.4792179035761193,-0.8743205950917715,2.020154812965129,2.8944754080569006,-0.25508942918999356
-0.18091336652220968,0.5160903823291979,-1.0133786420841975,2.1210968895497775,3.134475531633975,-0.2994007885365945
-0.18939994018409947,0.4886549260249674,-0.9147270360406592,1.9449111474069014,2.8596381834475606,-0.27923085068926135
-0.1722849691528886,0.5011537851223484,-0.9758708956369485,2.147726777404152,3.123597673041101,-0.2606691339564694
-0.19363217841985453,0.4807741527106779,-0.9129123307698485,2.1228103476188958,3.035722678388744,-0.28101913113142596
-0.19114318897985316,0.45126517263083443,-0.8878064453178217,2.1374170967339023,3.025223542051724,-0.28777658867941525
-0.13902257048157365,0.4587903547980547,-1.1255782442710764,2.2422632613767783,3.3678415056478546,-0.2038696066801437
-0.1343016949055713,0.38763296726745616,-0.7893208168014408,2.1559955542829017,2.9453163710843424,-0.22999405150604113
-0.1723877091926685,0.41493912961971885,-0.9323079748828952,2.062942841859428,2.995250816742323,-0.2725438695552349
-0.18242109358232048,0.4402822694511896,-0.9848746273648482,1.9441959120163086,2.929070539381157,-0.27502147047287373
-0.23320026659902354,0.4702156818132161,-0.9743759599723338,1.9774729965253086,2.9518489564976425,-0.33350706059835655
-0.25995220473197383,0.47331263297760756,-1.000161248928336,2.0514418786590483,3.0516031275873843,-0.3756683930486834
-0.24254684052884903,0.47379678084084836,-1.017667317687779,2.074264148157754,3.091931465845533,-0.32370460498094356
-0.12599082527652983,0.4576397805756179,-0.8714225954701481,2.249963965771763,3.1213865612419114,-0.2264277613742658
-0.07097562487763796,0.4954363857938828,-0.8279610807393758,2.123003117707953,2.9509641984473287,-0.16217025266742763
-0.05528781412659017,0.47179812490289796,-0.8160073518256855,2.2191398517069754,3.0351472035326608,-0.151565666783215
-0.10948130556614231,0.4617622365951143,-0.8360539224591877,2.1640550003316266,3.0001089227908144,-0.20731692395064083
-0.10307659171262921,0.47688416039818077,-0.8089675625645768,2.2999747144411185,3.108942277005695,-0.20289667396927386
-0.25847644600493275,0.17072587120286753,-0.6876668695856697,0.6685286434315023,1.356195513017172,-0.29669191124223815
-0.258658932253908,0.17340295600338274,-0.7119053406986842,0.6347209421838496,1.3466262828825337,-0.30381644675165775
-0.28228243951818216,0.17412343674228214,-0.6438123255200685,0.6568373821671983,1.300649707687267,-0.3219114054398542
-0.2527340396104736,0.1771559383872236,-0.6705376418396478,0.6175635613467402,1.2881012031863879,-0.2980717741401656
-0.31372985623269023,0.1876163805477947,-0.7751845653662931,0.6370383639489874,1.4122229293152806,-0.34481379777122556
-0.27396245751705645,0.1992117848440041,-0.7139340113686043,0.6524504567869203,1.3663844681555246,-0.31472732974198203
-0.28233404966846143,0.21729616542008715,-0.7028167386812628,0.6761677941053625,1.3789845327866255,-0.32494188810690483
-0.2545007374999511,0.18599696928829135,-0.6737710036038373,0.6322875615121788,1.3060585651160161,-0.29254174511177555
-0.2641256514323612,0.1829734749699143,-0.6348932211313557,0.6095875220452606,1.2444807431766163,-0.31162682462340235
-0.22294138182607776,0.19370867353962762,-0.6827145932148664,0.7807568217392762,1.4634714149541426,-0.26915418085233833
-0.2597647079057025,0.1881490875858299,-0.694282167341431,0.7852115250201359,1.479493692361567,-0.3098945089158772
-0.23721471792080986,0.19103375423696228,-0.6065431880452918,0.6859483297020311,1.2924915177473228,-0.2898265148958198
-0.26940904253850506,0.1799904769927993,-0.6188053007012299,0.5785966138100764,1.1974019145113064,-0.3158812037640034
-0.2583900859562944,0.1894715948621045,-0.6497617416289453,0.6688933571745322,1.3186550988034775,-0.28898138956778996
-0.22130188345349935,0.1927629658547085,-0.5127922702976928,0.72706532406274,1.2398575943604329,-0.2577286961630538
-0.2620143145093207,0.18513715865304312,-0.5965986085698723,0.6405695554187235,1.2371681639885959,-0.3032439897822696
-0.2417374675131912,0.19805103326451978,-0.5985209881034815,0.7299601383667057,1.3284811264701872,-0.2844417079477919
-0.26887593797206766,0.17698817206223127,-0.6178256203409748,0.6116799793131229,1.2295055996540976,-0.30882238986280663
-0.24341793262679234,0.19051561898451663,-0.5542642961667186,0.5838432844337805,1.138107580600499,-0.28648264169135385
-0.20628501171482613,0.17528865359912044,-0.6285137364156845,0.6654626995755144,1.293976435991199,-0.24254692653130616
-0.27142137466049676,0.20842850748067762,-0.5686273157257714,0.6956321286201907,1.2642594443459623,-0.3268715396117436
-0.19591657262653472,0.19749465725827753,-0.5753077293766843,0.756771788387891,1.3320795177645754,-0.24000252907348268
-0.2889398515015428,0.19645160155107408,-0.6137341324578692,0.6157323564004649,1.2294664888583342,-0.3345323623146472
-0.21838200917137326,0.17861918524758744,-0.5579448052556957,0.624044240487954,1.1819890457436497,-0.2596100829463678
-0.2732804767961602,0.18018526727576006,-0.6237252337462424,0.6421899618058545,1.2659151955520969,-0.3121045728959455
-0.22961136272231303,0.1909979190906127,-0.5366712449665639,0.6872152303429045,1.2238864753094685,-0.27144107841967313
-0.26941175973443254,0.1867856185029417,-0.6485099555302426,0.6468490277984462,1.295358983328689,-0.30207593420907275
-0.266469979231599,0.1872478240016717,-0.6755457401464516,0.6716516631083749,1.3471974032548264,-0.31120057205328144
-0.29508817808158067,0.18627834155063877,-0.7092682393884445,0.5589017339789464,1.268169973367391,-0.3401200168988779
-0.26099412227110086,0.17774581645783244,-0.6007048579157688,0.594195216803527,1.1949000747192957,-0.29850639828425074
-0.3037615581679708,0.18244257084409637,-0.6927904461217107,0.5686052857891154,1.261395731910826,-0.34451362179271094
-0.28591523844891265,0.19332294775996242,-0.6365650500756069,0.6568564064418964,1.2934214565175033,-0.32413712025157193
-0.26043447321483676,0.19093483375203243,-0.6940173603151133,0.6451018073711728,1.3391191676862861,-0.3034304925220073
-0.2348053556144048,0.19065268446274636,-0.6026073316190339,0.6480418802122939,1.2506492118313277,-0.27769791040935954
-0.23859176745143432,0.19187878123706836,-0.5866744417268778,0.6570751273214157,1.2437495690482936,-0.27937744130961156
-0.22623267412436646,0.19085058658835444,-0.5530808690056265,0.6966137311978465,1.249694600203473,-0.2690114969329298
-0.24311370708577562,0.18966560251606576,-0.5406661853608327,0.665947095395806,1.2066132807566388,-0.28941817977652284
-0.23444888377946166,0.19790395645022002,-0.5579844220311252,0.7569808750853473,1.3149652971164725,-0.26731873806813133
-0.257548773360401,0.1769010713526766,-0.631077117913479,0.635504052019944,1.2665811699334228,-0.2918502267969878
-0.2421130347761959,0.178593148372537,-0.5647662744944351,0.628774264238563,1.193540538732998,-0.27363630343737855
-0.2312956276472394,0.19817034582070683,-0.6267052010268289,0.739116974465465,1.365822175492294,-0.26393538683990103
-0.2801509841108342,0.19686230520701012,-0.7097197632838799,0.6854505567794184,1.3951703200632983,-0.31779883329286374
-0.26413526731881165,0.19564114780409642,-0.5974755206616246,0.7180489839861043,1.3155245046477289,-0.30384978336172663
-0.28615443406311747,0.19257148830948534,-0.6438657649661323,0.6539560954540526,1.297821860420185,-0.32863567523848686
-0.23611330064205988,0.179866037719544,-0.6028579875038413,0.6211951845831564,1.2240531720869976,-0.27819004607174747
-0.2583092339479076,0.18131622607125578,-0.5886215049210731,0.7188764244331273,1.3074979293542004,-0.296239844212135
-0.22783956096054733,0.18523395234273454,-0.5772016651629781,0.6696999008692909,1.2469015660322689,-0.25815624803151904
-0.2637552288899699,0.19861637218690523,-0.632226791212645,0.6573091927477026,1.2895359839603477,-0.2940109669480663
-0.25288146983773396,0.18908647589121985,-0.5974776312663764,0.6679029882962181,1.2653806195625945,-0.2901270894055764
-0.2954639566367293,0.18321681999003486,-0.6807458759417306,0.6797921498420957,1.3605380257838262,-0.33317435742101004
-0.24891720339328066,0.17393478465716392,-0.5399276720371876,0.6020400338916759,1.1419677059288635,-0.28262681508993903
-0.24275949743356134,0.18173691678571738,-0.542544554239971,0.6539168002090754,1.1964613544490463,-0.27976489382850617
-0.2057736190753103,0.1984330324664483,-0.6011812986608984,0.7629707701069498,1.3641520687678481,-0.24714080662696103
-0.19583191950607626,0.19581092010059106,-0.6224020039269562,0.7419850585454155,1.3643870624723717,-0.22528098286346201
-0.23029162367486283,0.1894894322248489,-0.5251914342324188,0.7063047492265225,1.2314961834589413,-0.26928246831056646
-0.22263412613481792,0.18544169909409217,-0.5375851904903622,0.6844138671337329,1.221999057624095,-0.25574265304703636
-0.19272872927579715,0.18400928798962035,-0.5762823946131599,0.7920047330456546,1.3682871276588144,-0.23450299754770648
-0.30860112170728954,0.18520814857651108,-0.6650048147947278,0.5771854631548231,1.2421902779495508,-0.35023076091213057
-0.2636456867524411,0.18150050840826756,-0.6291896531741503,0.6330644346558386,1.262254087829989,-0.3001125188963707
-0.32936850483859526,0.17568219398920162,-0.6966613956365387,0.5181304815480581,1.214791877184597,-0.36393885018140537
-0.28598419022232274,0.1820041769790901,-0.6950004597007658,0.6549188982639069,1.3499193579646729,-0.32077808638770366
-0.25917754306244606,0.1824373091271698,-0.6875716125483698,0.6649130654446794,1.3524846779930493,-0.289943735860674
-0.29728486815836747,0.19330569117258725,-0.6799860217964762,0.6892102155793342,1.3691962373758102,-0.333013337812576
-0.19868623732069915,0.19197503564664284,-0.5539654324455905,0.7081317461851565,1.2620971786307469,-0.24525200527929558
-0.2786641625526968,0.18289948332332517,-0.7242494202913637,0.5983217002575515,1.3225711205489152,-0.3143380632448412
-0.25837530021397725,0.17775452520475832,-0.642939592480256,0.6502075054013631,1.293147097881619,-0.29442620566198724
-0.2419127867547741,0.1845217291876125,-0.640336164101206,0.5875643096104801,1.227900473711686,-0.2802111793728502
-0.2185085940069649,0.18480204769627623,-0.5811193487402662,0.7026854516888477,1.2838048004291138,-0.25568613587108635
-0.25704109911538886,0.19179518746875007,-0.6150251709480486,0.7402354709837349,1.3552606419317836,-0.29984386942232455
-0.22719099445619786,0.1815855127310671,-0.6253804926961234,0.7527066687977096,1.378087161493833,-0.26654240983355215
-0.18691715037743098,0.17961416470798144,-0.5402793235453044,0.7510933518776562,1.2913726754229606,-0.21952432892740353
-0.15221184428040166,0.1880071598890692,-0.529385860956789,0.7376699506095153,1.2670558115663044,-0.18822735628534196
-0.177031115614125,0.19358730288533138,-0.6848553728279259,0.8098429192113986,1.4946982920393244,-0.21647520495838485
-0.26522139852249627,0.18885067523577606,-0.6487054650185269,0.6822993217517528,1.3310047867702797,-0.3027844597527478
-0.3265683481429387,0.19638974372303694,-0.7436778118192358,0.6664552891368241,1.4101331009560598,-0.3679066539171639
-0.2677674968741345,0.19336122555394852,-0.6538571668446117,0.7151804657253523,1.369037632569964,-0.3079689663867411
-0.22917322132779408,0.1844663185712157,-0.6487136716527072,0.6514091172700743,1.3001227889227815,-0.27116425568426145
-0.23579887295179544,0.18155739225800974,-0.6053555270341124,0.6869969754196051,1.2923525024537175,-0.2833408716359454
-0.26522785313446084,0.17664576228427425,-0.6064846899856189,0.6740993672864768,1.2805840572720957,-0.30537930924657114
-0.2130538540381829,0.18071777794466273,-0.5860784989567674,0.7009668458961847,1.2870453448529522,-0.25544059664503976
-0.20485598824799034,0.19256749622511077,-0.5758342287325678,0.7725078286308616,1.3483420573634295,-0.24790612340620338
-0.20091383330417714,0.1887174043754801,-0.6181383053079785,0.7622037339084087,1.3803420392163872,-0.24909430815603328
-0.2899414929493004,0.18121980702995152,-0.7563837825549637,0.586613113249653,1.3429968958046168,-0.33321074421260644
-0.2422497567170878,0.18893515198631947,-0.6249920016315588,0.672919070453183,1.2979110720847418,-0.2643171050270634
-0.27432235304172076,0.19231703928318955,-0.7867094988983913,0.6991621970269732,1.4858716959253644,-0.31269311291518825
-0.22644410573151802,0.19103984292582463,-0.6322360799861906,0.7316417081463114,1.363877788132502,-0.26320481716600386
-0.18990979015438278,0.18614854730505728,-0.7646813831052174,0.7689410989566088,1.5336224820618263,-0.2321999344100048
-0.21624236731265173,0.17506989003606627,-0.583829595370571,0.7088729072554872,1.2927025026260583,-0.25565442340322375
-0.22372015219959163,0.17485439749471177,-0.5833468860807878,0.613556723607017,1.1969036096878047,-0.2602657329762781
-0.23578608915807822,0.17984182197960052,-0.6182476308276509,0.6420044504741905,1.2602520813018414,-0.2788625856848783
-0.23755497500382103,0.1838078864994488,-0.6387868221258954,0.6718790859015576,1.310665908027453,-0.27505617148540096
-0.22219825073099056,0.18669167427319816,-0.6844724101417762,0.7729043636452345,1.4573767737870107,-0.2583763381731937
-0.25858874926246384,0.1769569942285812,-0.6450556035367708,0.6756430468877899,1.3206986504245606,-0.29648034431185066
-0.25164908044077383,0.17708137994644604,-0.6464578249214293,0.6070230062764586,1.253480831197888,-0.2913381039988382
-0.24205506825797568,0.1729472396135184,-0.6537211746959595,0.6859717991420733,1.3396929738380328,-0.27880411050600573
-0.21699280048045855,0.18982656228537423,-0.6465670843655275,0.7318706120545939,1.3784376964201215,-0.2634096544469462
-0.23078765932234066,0.18210820704203073,-0.6295059869573713,0.7203822891309972,1.3498882760883686,-0.2772273887687528
-0.25176862565938346,0.18007225118898737,-0.621615679580868,0.6456563666724269,1.267272046253295,-0.29491028957915844
-0.24172493103341963,0.18061964092474272,-0.6543094518655338,0.6758418562406873,1.330151308106221,-0.28425329601800375
-0.26918078863662637,0.1752921680266113,-0.7171683878577993,0.6602316358410003,1.3774000236987995,-0.31293589693770263
